task,model_1_id,model_1_experiment_group,model_1_feature_set,model_1_name,model_2_id,model_2_experiment_group,model_2_feature_set,model_2_name,auc_1,auc_2,auc_diff,z,p_value,same_model_name,same_feature_set,same_experiment_group
fatality,baseline_logistic|county_enriched|logistic_regression,baseline_logistic,county_enriched,logistic_regression,model_suite|county_selected|knn,model_suite,county_selected,knn,0.926940073568087,0.8729898533072168,0.05395022026087026,5.477399803529609,4.316212609545289e-08,False,False,False
fatality,model_suite|county_selected|knn,model_suite,county_selected,knn,model_suite|county_selected|logistic_regression,model_suite,county_selected,logistic_regression,0.8729898533072168,0.9261958726407918,-0.05320601933357505,5.430265804307316,5.627017851672633e-08,False,True,True
fatality,model_suite|county_selected|knn,model_suite,county_selected,knn,model_suite|county_selected|xgboost,model_suite,county_selected,xgboost,0.8729898533072168,0.9233627362251103,-0.05037288291789355,5.416589254482235,6.074667302513603e-08,False,True,True
fatality,baseline_logistic|tornado_only|logistic_regression,baseline_logistic,tornado_only,logistic_regression,model_suite|county_selected|knn,model_suite,county_selected,knn,0.9251908536315006,0.8729898533072168,0.052201000324283764,5.403191386097333,6.546554409680994e-08,False,False,False
fatality,model_suite|county_selected|knn,model_suite,county_selected,knn,model_suite|county_selected|svm,model_suite,county_selected,svm,0.8729898533072168,0.9256285933124505,-0.05263874000523372,5.373159340672696,7.7368901729713e-08,False,True,True
fatality,model_suite|county_selected|knn,model_suite,county_selected,knn,model_suite|county_selected|neural_network,model_suite,county_selected,neural_network,0.8729898533072168,0.9220697305836153,-0.04907987727639851,5.304022507488845,1.1327833671082033e-07,False,True,True
fatality,model_suite|county_selected|knn,model_suite,county_selected,knn,model_suite|county_selected|random_forest,model_suite,county_selected,random_forest,0.8729898533072168,0.9106015595182516,-0.03761170621103482,4.3621074711178665,1.2881556179289433e-05,False,True,True
fatality,baseline_logistic|county_enriched|logistic_regression,baseline_logistic,county_enriched,logistic_regression,model_suite|county_selected|random_forest,model_suite,county_selected,random_forest,0.926940073568087,0.9106015595182516,0.01633851404983544,3.3396482169648976,0.0008388457468833099,False,False,False
fatality,model_suite|county_selected|logistic_regression,model_suite,county_selected,logistic_regression,model_suite|county_selected|random_forest,model_suite,county_selected,random_forest,0.9261958726407918,0.9106015595182516,0.015594313122540227,3.1819173466998913,0.0014630356445191062,False,True,True
fatality,baseline_logistic|tornado_only|logistic_regression,baseline_logistic,tornado_only,logistic_regression,model_suite|county_selected|random_forest,model_suite,county_selected,random_forest,0.9251908536315006,0.9106015595182516,0.01458929411324894,3.1115254574892637,0.0018612342522263958,False,False,False
fatality,model_suite|county_selected|random_forest,model_suite,county_selected,random_forest,model_suite|county_selected|svm,model_suite,county_selected,svm,0.9106015595182516,0.9256285933124505,-0.015027033794198896,3.0379469319813226,0.00238195897634208,False,True,True
fatality,model_suite|county_selected|random_forest,model_suite,county_selected,random_forest,model_suite|county_selected|xgboost,model_suite,county_selected,xgboost,0.9106015595182516,0.9233627362251103,-0.012761176706858723,2.7752883992413504,0.005515277605547819,False,True,True
fatality,model_suite|county_selected|neural_network,model_suite,county_selected,neural_network,model_suite|county_selected|random_forest,model_suite,county_selected,random_forest,0.9220697305836153,0.9106015595182516,0.011468171065363686,2.304870252150674,0.021173841105880165,False,True,True
fatality,model_suite|county_selected|logistic_regression,model_suite,county_selected,logistic_regression,model_suite|county_selected|svm,model_suite,county_selected,svm,0.9261958726407918,0.9256285933124505,0.0005672793283413302,2.1346332341462237,0.032790980554225246,False,True,True
fatality,baseline_logistic|county_enriched|logistic_regression,baseline_logistic,county_enriched,logistic_regression,model_suite|county_selected|svm,model_suite,county_selected,svm,0.926940073568087,0.9256285933124505,0.0013114802556365435,1.9808518810283893,0.04760788667271676,False,False,False
fatality,baseline_logistic|county_enriched|logistic_regression,baseline_logistic,county_enriched,logistic_regression,model_suite|county_selected|neural_network,model_suite,county_selected,neural_network,0.926940073568087,0.9220697305836153,0.004870342984471754,1.7860834788826094,0.07408574273609081,False,False,False
fatality,model_suite|county_selected|logistic_regression,model_suite,county_selected,logistic_regression,model_suite|county_selected|neural_network,model_suite,county_selected,neural_network,0.9261958726407918,0.9220697305836153,0.004126142057176541,1.568076986745291,0.11686316655548978,False,True,True
fatality,model_suite|county_selected|neural_network,model_suite,county_selected,neural_network,model_suite|county_selected|svm,model_suite,county_selected,svm,0.9220697305836153,0.9256285933124505,-0.0035588627288352104,1.3528228289224717,0.17611223778417862,False,True,True
fatality,baseline_logistic|county_enriched|logistic_regression,baseline_logistic,county_enriched,logistic_regression,model_suite|county_selected|xgboost,model_suite,county_selected,xgboost,0.926940073568087,0.9233627362251103,0.0035773373429767164,1.2523354607765147,0.2104476526432837,False,False,False
fatality,baseline_logistic|county_enriched|logistic_regression,baseline_logistic,county_enriched,logistic_regression,model_suite|county_selected|logistic_regression,model_suite,county_selected,logistic_regression,0.926940073568087,0.9261958726407918,0.0007442009272952133,1.2145246453818057,0.2245474444876776,True,False,False
fatality,baseline_logistic|tornado_only|logistic_regression,baseline_logistic,tornado_only,logistic_regression,model_suite|county_selected|neural_network,model_suite,county_selected,neural_network,0.9251908536315006,0.9220697305836153,0.0031211230478852547,0.99418397713403,0.3201333072813566,False,False,False
fatality,baseline_logistic|county_enriched|logistic_regression,baseline_logistic,county_enriched,logistic_regression,baseline_logistic|tornado_only|logistic_regression,baseline_logistic,tornado_only,logistic_regression,0.926940073568087,0.9251908536315006,0.001749219936586499,0.9759999364659171,0.3290644958182538,True,False,True
fatality,model_suite|county_selected|logistic_regression,model_suite,county_selected,logistic_regression,model_suite|county_selected|xgboost,model_suite,county_selected,xgboost,0.9261958726407918,0.9233627362251103,0.002833136415681503,0.9631911749623875,0.3354515930405051,False,True,True
fatality,model_suite|county_selected|svm,model_suite,county_selected,svm,model_suite|county_selected|xgboost,model_suite,county_selected,xgboost,0.9256285933124505,0.9233627362251103,0.002265857087340173,0.7674144491520904,0.4428351403514885,False,True,True
fatality,baseline_logistic|tornado_only|logistic_regression,baseline_logistic,tornado_only,logistic_regression,model_suite|county_selected|xgboost,model_suite,county_selected,xgboost,0.9251908536315006,0.9233627362251103,0.0018281174063902172,0.6064964348764069,0.5441851490282739,False,False,False
fatality,baseline_logistic|tornado_only|logistic_regression,baseline_logistic,tornado_only,logistic_regression,model_suite|county_selected|logistic_regression,model_suite,county_selected,logistic_regression,0.9251908536315006,0.9261958726407918,-0.0010050190092912858,0.5101813729032164,0.6099244007624245,True,False,False
fatality,model_suite|county_selected|neural_network,model_suite,county_selected,neural_network,model_suite|county_selected|xgboost,model_suite,county_selected,xgboost,0.9220697305836153,0.9233627362251103,-0.0012930056414950375,0.49929053167505427,0.6175747244210485,False,True,True
fatality,baseline_logistic|tornado_only|logistic_regression,baseline_logistic,tornado_only,logistic_regression,model_suite|county_selected|svm,model_suite,county_selected,svm,0.9251908536315006,0.9256285933124505,-0.00043773968094995563,0.22456717665263304,0.8223160019249278,False,False,False
injury,model_suite|county_selected|knn,model_suite,county_selected,knn,model_suite|county_selected|xgboost,model_suite,county_selected,xgboost,0.8407529300661298,0.8715177972224514,-0.03076486715632154,8.00695517769166,1.1102230246251565e-15,False,True,True
injury,model_suite|county_selected|knn,model_suite,county_selected,knn,model_suite|county_selected|neural_network,model_suite,county_selected,neural_network,0.8407529300661298,0.870757690888339,-0.030004760822209153,7.8519342862854,3.9968028886505635e-15,False,True,True
injury,model_suite|county_selected|knn,model_suite,county_selected,knn,model_suite|county_selected|random_forest,model_suite,county_selected,random_forest,0.8407529300661298,0.8683391309222215,-0.027586200856091647,7.302904611711018,2.815525590449397e-13,False,True,True
injury,baseline_logistic|county_enriched|logistic_regression,baseline_logistic,county_enriched,logistic_regression,model_suite|county_selected|knn,model_suite,county_selected,knn,0.8677745861627072,0.8407529300661298,0.027021656096577362,7.017464258854928,2.2593038551121936e-12,False,False,False
injury,model_suite|county_selected|knn,model_suite,county_selected,knn,model_suite|county_selected|logistic_regression,model_suite,county_selected,logistic_regression,0.8407529300661298,0.8674517806175756,-0.02669885055144572,6.804370218014678,1.0149214801913331e-11,False,True,True
injury,model_suite|county_selected|knn,model_suite,county_selected,knn,model_suite|county_selected|svm,model_suite,county_selected,svm,0.8407529300661298,0.8673861879321916,-0.026633257866061744,6.781711265649634,1.18760556944153e-11,False,True,True
injury,baseline_logistic|tornado_only|logistic_regression,baseline_logistic,tornado_only,logistic_regression,model_suite|county_selected|knn,model_suite,county_selected,knn,0.8661282486869785,0.8407529300661298,0.02537531862084863,6.3470372216760635,2.1950108397561507e-10,False,False,False
injury,baseline_logistic|tornado_only|logistic_regression,baseline_logistic,tornado_only,logistic_regression,model_suite|county_selected|neural_network,model_suite,county_selected,neural_network,0.8661282486869785,0.870757690888339,-0.004629442201360523,3.5522014009890683,0.00038202233486250847,False,False,False
injury,model_suite|county_selected|logistic_regression,model_suite,county_selected,logistic_regression,model_suite|county_selected|neural_network,model_suite,county_selected,neural_network,0.8674517806175756,0.870757690888339,-0.0033059102707634347,3.4052237958394156,0.0006610985170456551,False,True,True
injury,model_suite|county_selected|neural_network,model_suite,county_selected,neural_network,model_suite|county_selected|svm,model_suite,county_selected,svm,0.870757690888339,0.8673861879321916,0.0033715029561474097,3.2806794889069137,0.0010355735035425528,False,True,True
injury,baseline_logistic|tornado_only|logistic_regression,baseline_logistic,tornado_only,logistic_regression,model_suite|county_selected|xgboost,model_suite,county_selected,xgboost,0.8661282486869785,0.8715177972224514,-0.00538954853547291,3.1671958624182017,0.001539166148269322,False,False,False
injury,baseline_logistic|county_enriched|logistic_regression,baseline_logistic,county_enriched,logistic_regression,model_suite|county_selected|neural_network,model_suite,county_selected,neural_network,0.8677745861627072,0.870757690888339,-0.002983104725631791,3.005757431888448,0.002649202405347051,False,False,False
injury,model_suite|county_selected|logistic_regression,model_suite,county_selected,logistic_regression,model_suite|county_selected|xgboost,model_suite,county_selected,xgboost,0.8674517806175756,0.8715177972224514,-0.004066016604875822,2.7275130305336153,0.00638137371421621,False,True,True
injury,model_suite|county_selected|svm,model_suite,county_selected,svm,model_suite|county_selected|xgboost,model_suite,county_selected,xgboost,0.8673861879321916,0.8715177972224514,-0.004131609290259797,2.715543848784811,0.0066167013654565565,False,True,True
injury,baseline_logistic|county_enriched|logistic_regression,baseline_logistic,county_enriched,logistic_regression,model_suite|county_selected|xgboost,model_suite,county_selected,xgboost,0.8677745861627072,0.8715177972224514,-0.003743211059744178,2.5540894461861554,0.010646590264975275,False,False,False
injury,model_suite|county_selected|random_forest,model_suite,county_selected,random_forest,model_suite|county_selected|xgboost,model_suite,county_selected,xgboost,0.8683391309222215,0.8715177972224514,-0.003178666300229893,2.128849184715818,0.033266740116754345,False,True,True
injury,baseline_logistic|county_enriched|logistic_regression,baseline_logistic,county_enriched,logistic_regression,baseline_logistic|tornado_only|logistic_regression,baseline_logistic,tornado_only,logistic_regression,0.8677745861627072,0.8661282486869785,0.001646337475728732,1.6194709918089694,0.10534596299735433,True,False,True
injury,baseline_logistic|tornado_only|logistic_regression,baseline_logistic,tornado_only,logistic_regression,model_suite|county_selected|logistic_regression,model_suite,county_selected,logistic_regression,0.8661282486869785,0.8674517806175756,-0.0013235319305970883,1.4570941978096854,0.14509037980533757,True,False,False
injury,baseline_logistic|tornado_only|logistic_regression,baseline_logistic,tornado_only,logistic_regression,model_suite|county_selected|svm,model_suite,county_selected,svm,0.8661282486869785,0.8673861879321916,-0.0012579392452131133,1.3803938379429816,0.16746541642657675,False,False,False
injury,model_suite|county_selected|neural_network,model_suite,county_selected,neural_network,model_suite|county_selected|random_forest,model_suite,county_selected,random_forest,0.870757690888339,0.8683391309222215,0.002418559966117506,1.2311766707287721,0.21825679478946025,False,True,True
injury,baseline_logistic|tornado_only|logistic_regression,baseline_logistic,tornado_only,logistic_regression,model_suite|county_selected|random_forest,model_suite,county_selected,random_forest,0.8661282486869785,0.8683391309222215,-0.002210882235243017,0.9432213327167218,0.3455677039767697,False,False,False
injury,baseline_logistic|county_enriched|logistic_regression,baseline_logistic,county_enriched,logistic_regression,model_suite|county_selected|svm,model_suite,county_selected,svm,0.8677745861627072,0.8673861879321916,0.0003883982305156186,0.7365372409875591,0.46140381238547734,False,False,False
injury,baseline_logistic|county_enriched|logistic_regression,baseline_logistic,county_enriched,logistic_regression,model_suite|county_selected|logistic_regression,model_suite,county_selected,logistic_regression,0.8677745861627072,0.8674517806175756,0.0003228055451316436,0.6356612628065376,0.5249972298909693,True,False,False
injury,model_suite|county_selected|neural_network,model_suite,county_selected,neural_network,model_suite|county_selected|xgboost,model_suite,county_selected,xgboost,0.870757690888339,0.8715177972224514,-0.000760106334112387,0.5704864402709234,0.5683478163954954,False,True,True
injury,model_suite|county_selected|random_forest,model_suite,county_selected,random_forest,model_suite|county_selected|svm,model_suite,county_selected,svm,0.8683391309222215,0.8673861879321916,0.0009529429900299036,0.4202969218221805,0.6742685583075128,False,True,True
injury,model_suite|county_selected|logistic_regression,model_suite,county_selected,logistic_regression,model_suite|county_selected|random_forest,model_suite,county_selected,random_forest,0.8674517806175756,0.8683391309222215,-0.0008873503046459286,0.39831742211912163,0.6903962197115783,False,True,True
injury,model_suite|county_selected|logistic_regression,model_suite,county_selected,logistic_regression,model_suite|county_selected|svm,model_suite,county_selected,svm,0.8674517806175756,0.8673861879321916,6.5592685383975e-05,0.2912071719569612,0.7708928777351418,False,True,True
injury,baseline_logistic|county_enriched|logistic_regression,baseline_logistic,county_enriched,logistic_regression,model_suite|county_selected|random_forest,model_suite,county_selected,random_forest,0.8677745861627072,0.8683391309222215,-0.000564544759514285,0.2561866679415666,0.7978067026445612,False,False,False
